"fecha","tmed","hrmed","NDVI_mean_6490927","Anomaly_6490927","NDVI_mean_6431327","Anomaly_6431327","NDVI_mean_6444852","Anomaly_6444852","NDVI_mean_6462152","Anomaly_6462152","NDVI_mean_6617939","Anomaly_6617939","NDVI_mean_6619213","Anomaly_6619213","NDVI_mean_6402165","Anomaly_6402165","NDVI_mean_6402166","Anomaly_6402166","NDVI_mean_6402168","Anomaly_6402168","NDVI_mean_6402171","Anomaly_6402171","NDVI_mean_6402172","Anomaly_6402172","NDVI_mean_6402214","Anomaly_6402214","NDVI_mean_6482477","Anomaly_6482477","NDVI_mean_6524125","Anomaly_6524125","NDVI_mean_6400989","Anomaly_6400989","NDVI_mean_6400993","Anomaly_6400993","NDVI_mean_6400994","Anomaly_6400994","NDVI_mean_6400997","Anomaly_6400997","NDVI_mean_6401005","Anomaly_6401005","NDVI_mean_6466802","Anomaly_6466802","NDVI_mean_6496354","Anomaly_6496354","NDVI_mean_6525295","Anomaly_6525295","NDVI_mean_6401855","Anomaly_6401855","anomaliesAgg","anomaliesAgg2"
2018-01-16,9.50416666666667,74.0666666666667,NA,NA,0.377220079302788,0,NA,NA,0.406223885715008,0,NA,NA,NA,NA,NA,NA,NA,NA,NA,NA,NA,NA,NA,NA,0.426708795130253,0,NA,NA,0.556028758486112,0,NA,NA,NA,NA,NA,NA,NA,NA,NA,NA,NA,NA,0.221659809350967,0,NA,NA,NA,NA,0,0
2018-01-21,17.6833333333333,40.3875,NA,NA,0.349137306213379,0,NA,NA,0.384850449860096,0,NA,NA,NA,NA,NA,NA,NA,NA,NA,NA,NA,NA,NA,NA,0.36257214397192,0,NA,NA,0.567326247692108,0,NA,NA,NA,NA,NA,NA,NA,NA,NA,NA,NA,NA,0.210073947906494,0,NA,NA,NA,NA,0,0
2018-01-26,10.9666666666667,53.6708333333333,NA,NA,NA,NA,NA,NA,NA,NA,NA,NA,NA,NA,NA,NA,NA,NA,NA,NA,NA,NA,NA,NA,NA,NA,NA,NA,NA,NA,NA,NA,NA,NA,NA,NA,NA,NA,NA,NA,NA,NA,NA,NA,NA,NA,NA,NA,0,NA
2018-01-31,10.9541666666667,85.35,NA,NA,0.199195686727762,1,NA,NA,NA,NA,NA,NA,NA,NA,NA,NA,NA,NA,NA,NA,NA,NA,NA,NA,0.235340557992458,0,NA,NA,0.383488776783149,0,NA,NA,NA,NA,NA,NA,NA,NA,NA,NA,NA,NA,NA,NA,NA,NA,NA,NA,0.0434782608695652,0.333333333333333
2018-02-05,7.63333333333333,82.85,NA,NA,NA,NA,NA,NA,NA,NA,NA,NA,NA,NA,NA,NA,NA,NA,NA,NA,NA,NA,NA,NA,NA,NA,NA,NA,NA,NA,NA,NA,NA,NA,NA,NA,NA,NA,NA,NA,NA,NA,NA,NA,NA,NA,NA,NA,0,NA
2018-02-10,10.2291666666667,44.0875,NA,NA,0.302582036703825,0,NA,NA,0.458237797021866,1,NA,NA,NA,NA,NA,NA,NA,NA,NA,NA,NA,NA,NA,NA,0.317764362692833,0,NA,NA,0.449174635112286,0,NA,NA,NA,NA,NA,NA,NA,NA,NA,NA,NA,NA,NA,NA,NA,NA,NA,NA,0.0434782608695652,0.25
2018-02-15,13.9083333333333,60.1208333333333,NA,NA,0.259549632668495,0,NA,NA,0.315058201551437,0,NA,NA,NA,NA,NA,NA,NA,NA,NA,NA,NA,NA,NA,NA,0.315395940840244,0,NA,NA,0.523746212323507,0,NA,NA,NA,NA,NA,NA,NA,NA,NA,NA,NA,NA,0.0865153213962913,1,NA,NA,NA,NA,0.0434782608695652,0.2
2018-02-20,13.7041666666667,61.1,NA,NA,0.278121318668127,0,NA,NA,0.330762468278408,0,NA,NA,NA,NA,NA,NA,NA,NA,NA,NA,NA,NA,NA,NA,0.268154965341091,0,NA,NA,0.373327588041623,0,NA,NA,NA,NA,NA,NA,NA,NA,NA,NA,NA,NA,0.168802339583635,0,NA,NA,NA,NA,0,0
2018-03-02,13.8166666666667,69.1166666666667,NA,NA,NA,NA,NA,NA,NA,NA,NA,NA,NA,NA,NA,NA,NA,NA,NA,NA,NA,NA,NA,NA,NA,NA,NA,NA,NA,NA,NA,NA,NA,NA,NA,NA,NA,NA,NA,NA,NA,NA,NA,NA,NA,NA,NA,NA,0,NA
2018-03-07,12.575,57.2041666666667,NA,NA,0.216001214459538,1,NA,NA,0.269341915845871,0,NA,NA,NA,NA,NA,NA,NA,NA,NA,NA,NA,NA,NA,NA,0.325781705975533,0,NA,NA,0.461130494872729,0,NA,NA,NA,NA,NA,NA,NA,NA,NA,NA,NA,NA,0.0961591769009829,1,NA,NA,NA,NA,0.0869565217391304,0.4
2018-03-12,15.7125,40.3041666666667,NA,NA,0.210467297583818,1,NA,NA,0.247200474143028,0,NA,NA,NA,NA,NA,NA,NA,NA,NA,NA,NA,NA,NA,NA,0.365031617879868,0,NA,NA,0.479130419592063,0,NA,NA,NA,NA,NA,NA,NA,NA,NA,NA,NA,NA,0.154355656355619,0,NA,NA,NA,NA,0.0434782608695652,0.2
2018-03-17,12.1166666666667,54.4125,NA,NA,NA,NA,NA,NA,NA,NA,NA,NA,NA,NA,NA,NA,NA,NA,NA,NA,NA,NA,NA,NA,NA,NA,NA,NA,NA,NA,NA,NA,NA,NA,NA,NA,NA,NA,NA,NA,NA,NA,NA,NA,NA,NA,NA,NA,0,NA
2018-03-22,9.3625,40.35,NA,NA,0.290361177176237,0,NA,NA,0.321838557720184,0,NA,NA,NA,NA,NA,NA,NA,NA,NA,NA,NA,NA,NA,NA,0.44029286056757,0,NA,NA,0.467614352703095,0,NA,NA,NA,NA,NA,NA,NA,NA,NA,NA,NA,NA,0.232641689479351,0,NA,NA,NA,NA,0,0
2018-03-27,16.5166666666667,39.9083333333333,NA,NA,0.234317138791084,1,NA,NA,0.222162947058678,0,NA,NA,NA,NA,NA,NA,NA,NA,NA,NA,NA,NA,NA,NA,0.277979326993227,0,NA,NA,0.344683391352495,0,NA,NA,NA,NA,NA,NA,NA,NA,NA,NA,NA,NA,0.0753195509314537,1,NA,NA,NA,NA,0.0869565217391304,0.4
2018-04-01,13.2208333333333,50.1916666666667,NA,NA,0.246811745688319,0,NA,NA,0.270662873983383,0,NA,NA,NA,NA,NA,NA,NA,NA,NA,NA,NA,NA,NA,NA,0.33984182626009,0,NA,NA,0.380971364676952,0,NA,NA,NA,NA,NA,NA,NA,NA,NA,NA,NA,NA,0.11419491097331,1,NA,NA,NA,NA,0.0434782608695652,0.2
2018-04-06,15.0541666666667,68.5666666666667,NA,NA,NA,NA,NA,NA,NA,NA,NA,NA,NA,NA,NA,NA,NA,NA,NA,NA,NA,NA,NA,NA,NA,NA,NA,NA,NA,NA,NA,NA,NA,NA,NA,NA,NA,NA,NA,NA,NA,NA,NA,NA,NA,NA,NA,NA,0,NA
2018-04-11,13.0708333333333,45.0375,NA,NA,0.312951892614365,0,NA,NA,NA,NA,NA,NA,NA,NA,NA,NA,NA,NA,NA,NA,NA,NA,NA,NA,0.375056673586369,0,NA,NA,0.390588079889615,0,NA,NA,NA,NA,NA,NA,NA,NA,NA,NA,NA,NA,NA,NA,NA,NA,NA,NA,0,0
2018-04-16,18.2125,48.1708333333333,NA,NA,0.225926235318184,1,NA,NA,0.22108756005764,1,NA,NA,NA,NA,NA,NA,NA,NA,NA,NA,NA,NA,NA,NA,0.240602315962315,0,NA,NA,0.311747809251149,1,NA,NA,NA,NA,NA,NA,NA,NA,NA,NA,NA,NA,0.0992109160870314,1,NA,NA,NA,NA,0.173913043478261,0.8
2018-04-21,17.4791666666667,61.6416666666667,NA,NA,0.182781219482422,1,NA,NA,NA,NA,NA,NA,NA,NA,NA,NA,NA,NA,NA,NA,NA,NA,NA,NA,0.233023059368134,1,NA,NA,0.247255588571231,1,NA,NA,NA,NA,NA,NA,NA,NA,NA,NA,NA,NA,NA,NA,NA,NA,NA,NA,0.130434782608696,1
2018-04-26,17.7041666666667,75.4708333333333,NA,NA,NA,NA,NA,NA,NA,NA,NA,NA,NA,NA,NA,NA,NA,NA,NA,NA,NA,NA,NA,NA,NA,NA,NA,NA,NA,NA,NA,NA,NA,NA,NA,NA,NA,NA,NA,NA,NA,NA,NA,NA,NA,NA,NA,NA,0,NA
2018-05-01,13.45,59.9791666666667,NA,NA,0.323438744992018,0,NA,NA,0.197566159069538,1,NA,NA,NA,NA,NA,NA,NA,NA,NA,NA,NA,NA,NA,NA,0.29686323851347,0,NA,NA,0.30146977553765,1,NA,NA,NA,NA,NA,NA,NA,NA,NA,NA,NA,NA,0.202104233205318,0,NA,NA,NA,NA,0.0869565217391304,0.4
2018-05-06,17.0291666666667,64.8458333333333,NA,NA,0.456106960773468,0,NA,NA,0.253080412745476,0,NA,NA,NA,NA,NA,NA,NA,NA,NA,NA,NA,NA,NA,NA,0.302552200853825,0,NA,NA,0.322207565108935,1,NA,NA,NA,NA,NA,NA,NA,NA,NA,NA,NA,NA,0.15976345539093,0,NA,NA,NA,NA,0.0434782608695652,0.2
2018-05-11,19.1416666666667,75.8666666666667,NA,NA,0.360053397715092,0,NA,NA,0.23172876983881,0,NA,NA,NA,NA,NA,NA,NA,NA,NA,NA,NA,NA,NA,NA,NA,NA,NA,NA,NA,NA,NA,NA,NA,NA,NA,NA,NA,NA,NA,NA,NA,NA,NA,NA,NA,NA,NA,NA,0,0
2018-05-16,17.0083333333333,55.8083333333333,NA,NA,0.392250794917345,0,NA,NA,0.297081619501114,0,NA,NA,NA,NA,NA,NA,NA,NA,NA,NA,NA,NA,NA,NA,0.364498536288738,0,NA,NA,0.441452716787656,0,NA,NA,NA,NA,NA,NA,NA,NA,NA,NA,NA,NA,0.211393535137177,0,NA,NA,NA,NA,0,0
2018-05-21,18.4291666666667,65.2958333333333,NA,NA,0.394282430410385,0,NA,NA,0.283316761255264,0,NA,NA,NA,NA,NA,NA,NA,NA,NA,NA,NA,NA,NA,NA,0.331825022399426,0,NA,NA,0.436417430639267,0,NA,NA,NA,NA,NA,NA,NA,NA,NA,NA,NA,NA,0.226025626063347,0,NA,NA,NA,NA,0,0
2018-05-26,20.5166666666667,70.6833333333333,NA,NA,0.3603789024055,0,NA,NA,0.268791422247887,0,NA,NA,NA,NA,NA,NA,NA,NA,NA,NA,NA,NA,NA,NA,0.304687868058682,0,NA,NA,0.434436043103536,0,NA,NA,NA,NA,NA,NA,NA,NA,NA,NA,NA,NA,0.201950073242188,0,NA,NA,NA,NA,0,0
2018-05-31,21.4166666666667,54.8208333333333,NA,NA,NA,NA,NA,NA,NA,NA,NA,NA,NA,NA,NA,NA,NA,NA,NA,NA,NA,NA,NA,NA,NA,NA,NA,NA,NA,NA,NA,NA,NA,NA,NA,NA,NA,NA,NA,NA,NA,NA,0.19808404147625,0,NA,NA,NA,NA,0,0
2018-06-05,21.6083333333333,54.0833333333333,NA,NA,0.0213550222106278,1,NA,NA,0.02502900082618,1,NA,NA,NA,NA,NA,NA,NA,NA,NA,NA,NA,NA,NA,NA,NA,NA,NA,NA,NA,NA,NA,NA,NA,NA,NA,NA,NA,NA,NA,NA,NA,NA,NA,NA,NA,NA,NA,NA,0.0869565217391304,1
2018-06-10,22.6583333333333,58.1166666666667,NA,NA,0.314910978078842,0,NA,NA,0.214495070278645,1,NA,NA,NA,NA,NA,NA,NA,NA,NA,NA,NA,NA,NA,NA,NA,NA,NA,NA,NA,NA,NA,NA,NA,NA,NA,NA,NA,NA,NA,NA,NA,NA,NA,NA,NA,NA,NA,NA,0.0434782608695652,0.5
2018-06-15,22.5875,58.5625,NA,NA,0.440189726650715,0,NA,NA,0.301161706447601,0,NA,NA,NA,NA,NA,NA,NA,NA,NA,NA,NA,NA,NA,NA,0.331629061698914,0,NA,NA,0.478263517220815,0,NA,NA,NA,NA,NA,NA,NA,NA,NA,NA,NA,NA,0.18774102255702,0,NA,NA,NA,NA,0,0
2018-06-20,23.1916666666667,57.1,NA,NA,0.45035270601511,0,NA,NA,0.289510637521744,0,NA,NA,NA,NA,NA,NA,NA,NA,NA,NA,NA,NA,NA,NA,0.305818835645914,0,NA,NA,0.445269224544366,0,NA,NA,NA,NA,NA,NA,NA,NA,NA,NA,NA,NA,0.210793912410736,0,NA,NA,NA,NA,0,0
2018-06-25,24.85,58.7166666666667,NA,NA,0.353079617023468,0,NA,NA,0.227577105164528,0,NA,NA,NA,NA,NA,NA,NA,NA,NA,NA,NA,NA,NA,NA,0.232678607106209,1,NA,NA,0.366090930998325,0,NA,NA,NA,NA,NA,NA,NA,NA,NA,NA,NA,NA,0.149361416697502,0,NA,NA,NA,NA,0.0434782608695652,0.2
2018-06-30,25.35,65.6083333333333,NA,NA,NA,NA,NA,NA,NA,NA,NA,NA,NA,NA,NA,NA,NA,NA,NA,NA,NA,NA,NA,NA,NA,NA,NA,NA,NA,NA,NA,NA,NA,NA,NA,NA,NA,NA,NA,NA,NA,NA,0.163465932011604,0,NA,NA,NA,NA,0,0
2018-07-05,27.7375,32.0833333333333,NA,NA,0.472854904830456,1,NA,NA,0.281501568853855,0,NA,NA,NA,NA,NA,NA,NA,NA,NA,NA,NA,NA,NA,NA,0.301759354770184,0,NA,NA,0.486667613188426,0,NA,NA,NA,NA,NA,NA,NA,NA,NA,NA,NA,NA,0.208227425813675,0,NA,NA,NA,NA,0.0434782608695652,0.2
2018-07-10,26.2625,55.0041666666667,NA,NA,0.450070448219776,0,NA,NA,0.325350120663643,0,NA,NA,NA,NA,NA,NA,NA,NA,NA,NA,NA,NA,NA,NA,0.265503540635109,0,NA,NA,0.458739633361499,0,NA,NA,NA,NA,NA,NA,NA,NA,NA,NA,NA,NA,0.252924017608166,0,NA,NA,NA,NA,0,0
2018-07-15,27.0916666666667,51.425,NA,NA,0.329001918435097,0,NA,NA,0.203835915774107,1,NA,NA,NA,NA,NA,NA,NA,NA,NA,NA,NA,NA,NA,NA,0.201552676409483,1,NA,NA,0.339282194773356,1,NA,NA,NA,NA,NA,NA,NA,NA,NA,NA,NA,NA,0.148305371403694,0,NA,NA,NA,NA,0.130434782608696,0.6
2018-07-20,27.0333333333333,58,NA,NA,0.0386893935501575,1,NA,NA,0.199083417654037,1,NA,NA,NA,NA,NA,NA,NA,NA,NA,NA,NA,NA,NA,NA,0.122819671407342,1,NA,NA,0.178777623921633,1,NA,NA,NA,NA,NA,NA,NA,NA,NA,NA,NA,NA,NA,NA,NA,NA,NA,NA,0.173913043478261,1
2018-07-30,27.1916666666667,55.7083333333333,NA,NA,0.422763518989086,0,NA,NA,0.249543413519859,0,NA,NA,NA,NA,NA,NA,NA,NA,NA,NA,NA,NA,NA,NA,0.235313908755779,0,NA,NA,0.43195087959369,0,NA,NA,NA,NA,NA,NA,NA,NA,NA,NA,NA,NA,0.206511281430721,0,NA,NA,NA,NA,0,0
2018-08-04,28.3791666666667,47.5666666666667,NA,NA,0.350174799561501,0,NA,NA,0.270325198769569,0,NA,NA,NA,NA,NA,NA,NA,NA,NA,NA,NA,NA,NA,NA,0.218558988720179,1,NA,NA,0.350229154030482,0,NA,NA,NA,NA,NA,NA,NA,NA,NA,NA,NA,NA,0.144411042332649,0,NA,NA,NA,NA,0.0434782608695652,0.2
2018-08-09,27.4625,68.8625,NA,NA,0.356990728527308,0,NA,NA,0.251402042806149,0,NA,NA,NA,NA,NA,NA,NA,NA,NA,NA,NA,NA,NA,NA,0.133305853232741,1,NA,NA,0.0873655024915934,1,NA,NA,NA,NA,NA,NA,NA,NA,NA,NA,NA,NA,0.141351293772459,0,NA,NA,NA,NA,0.0869565217391304,0.4
2018-08-14,27.05,73.2916666666667,NA,NA,NA,NA,NA,NA,NA,NA,NA,NA,NA,NA,NA,NA,NA,NA,NA,NA,NA,NA,NA,NA,0.216488771885633,1,NA,NA,0.36632460852464,0,NA,NA,NA,NA,NA,NA,NA,NA,NA,NA,NA,NA,NA,NA,NA,NA,NA,NA,0.0434782608695652,0.5
2018-08-19,25.1625,70.6666666666667,NA,NA,NA,NA,NA,NA,NA,NA,NA,NA,NA,NA,NA,NA,NA,NA,NA,NA,NA,NA,NA,NA,NA,NA,NA,NA,NA,NA,NA,NA,NA,NA,NA,NA,NA,NA,NA,NA,NA,NA,NA,NA,NA,NA,NA,NA,0,NA
2018-08-24,27.7791666666667,44.075,NA,NA,0.461960636079311,0,NA,NA,0.288694120943546,0,NA,NA,NA,NA,NA,NA,NA,NA,NA,NA,NA,NA,NA,NA,0.24748075902462,0,NA,NA,0.445011312762896,0,NA,NA,NA,NA,NA,NA,NA,NA,NA,NA,NA,NA,0.150629162788391,0,NA,NA,NA,NA,0,0
2018-08-29,25.9458333333333,68.6875,NA,NA,0.406816501170397,0,NA,NA,0.321195535361767,0,NA,NA,NA,NA,NA,NA,NA,NA,NA,NA,NA,NA,NA,NA,0.252979297935963,0,NA,NA,0.39748648305734,0,NA,NA,NA,NA,NA,NA,NA,NA,NA,NA,NA,NA,0.200251091271639,0,NA,NA,NA,NA,0,0
2018-09-03,25.9458333333333,75.0791666666667,NA,NA,NA,NA,NA,NA,NA,NA,NA,NA,NA,NA,NA,NA,NA,NA,NA,NA,NA,NA,NA,NA,NA,NA,NA,NA,NA,NA,NA,NA,NA,NA,NA,NA,NA,NA,NA,NA,NA,NA,NA,NA,NA,NA,NA,NA,0,NA
2018-09-08,22.0875,80.6625,NA,NA,NA,NA,NA,NA,NA,NA,NA,NA,NA,NA,NA,NA,NA,NA,NA,NA,NA,NA,NA,NA,NA,NA,NA,NA,NA,NA,NA,NA,NA,NA,NA,NA,NA,NA,NA,NA,NA,NA,NA,NA,NA,NA,NA,NA,0,NA
2018-09-13,25.3041666666667,72.3166666666667,NA,NA,0.400930035859346,0,NA,NA,0.128974631428719,1,NA,NA,NA,NA,NA,NA,NA,NA,NA,NA,NA,NA,NA,NA,0.225885378569365,1,NA,NA,0.441348239779472,0,NA,NA,NA,NA,NA,NA,NA,NA,NA,NA,NA,NA,0.0847375001758337,1,NA,NA,NA,NA,0.130434782608696,0.6
2018-09-18,24.7416666666667,79.2583333333333,NA,NA,0.371382705867291,0,NA,NA,0.257729470729828,0,NA,NA,NA,NA,NA,NA,NA,NA,NA,NA,NA,NA,NA,NA,0.149129897356033,1,NA,NA,0.100943692028522,1,NA,NA,NA,NA,NA,NA,NA,NA,NA,NA,NA,NA,0.171506725251675,0,NA,NA,NA,NA,0.0869565217391304,0.4
2018-09-23,24.7166666666667,55.2041666666667,NA,NA,0.551881708204746,1,NA,NA,0.358249500393868,0,NA,NA,NA,NA,NA,NA,NA,NA,NA,NA,NA,NA,NA,NA,0.43026597648859,0,NA,NA,0.555164729555448,0,NA,NA,NA,NA,NA,NA,NA,NA,NA,NA,NA,NA,0.210918068885803,0,NA,NA,NA,NA,0.0434782608695652,0.2
2018-09-28,22.2291666666667,67.8583333333333,NA,NA,0.114095598459244,1,NA,NA,NA,NA,NA,NA,NA,NA,NA,NA,NA,NA,NA,NA,NA,NA,NA,NA,NA,NA,NA,NA,NA,NA,NA,NA,NA,NA,NA,NA,NA,NA,NA,NA,NA,NA,NA,NA,NA,NA,NA,NA,0.0434782608695652,1
2018-10-03,20.1166666666667,64.3166666666667,NA,NA,0.519349411129952,1,NA,NA,0.315918773412704,0,NA,NA,NA,NA,NA,NA,NA,NA,NA,NA,NA,NA,NA,NA,0.387450467050076,0,NA,NA,0.557732815543811,0,NA,NA,NA,NA,NA,NA,NA,NA,NA,NA,NA,NA,0.168015826493502,0,NA,NA,NA,NA,0.0434782608695652,0.2
2018-10-08,19.3791666666667,64.3375,NA,NA,NA,NA,NA,NA,NA,NA,NA,NA,NA,NA,NA,NA,NA,NA,NA,NA,NA,NA,NA,NA,0.377861544489861,0,NA,NA,0.500332375367483,0,NA,NA,NA,NA,NA,NA,NA,NA,NA,NA,NA,NA,NA,NA,NA,NA,NA,NA,0,0
2018-10-13,20.1208333333333,85.0541666666667,NA,NA,NA,NA,NA,NA,NA,NA,NA,NA,NA,NA,NA,NA,NA,NA,NA,NA,NA,NA,NA,NA,0.114404340088367,1,NA,NA,0.0397128229960799,1,NA,NA,NA,NA,NA,NA,NA,NA,NA,NA,NA,NA,NA,NA,NA,NA,NA,NA,0.0869565217391304,1
2018-10-18,17.6166666666667,77.4708333333333,NA,NA,NA,NA,NA,NA,NA,NA,NA,NA,NA,NA,NA,NA,NA,NA,NA,NA,NA,NA,NA,NA,NA,NA,NA,NA,NA,NA,NA,NA,NA,NA,NA,NA,NA,NA,NA,NA,NA,NA,NA,NA,NA,NA,NA,NA,0,NA
2018-10-23,18.4208333333333,85.9041666666667,NA,NA,NA,NA,NA,NA,NA,NA,NA,NA,NA,NA,NA,NA,NA,NA,NA,NA,NA,NA,NA,NA,NA,NA,NA,NA,NA,NA,NA,NA,NA,NA,NA,NA,NA,NA,NA,NA,NA,NA,NA,NA,NA,NA,NA,NA,0,NA
2018-10-28,13.0333333333333,42.8,NA,NA,NA,NA,NA,NA,NA,NA,NA,NA,NA,NA,NA,NA,NA,NA,NA,NA,NA,NA,NA,NA,NA,NA,NA,NA,NA,NA,NA,NA,NA,NA,NA,NA,NA,NA,NA,NA,NA,NA,NA,NA,NA,NA,NA,NA,0,NA
2018-11-02,14.2416666666667,66.8125,NA,NA,NA,NA,NA,NA,NA,NA,NA,NA,NA,NA,NA,NA,NA,NA,NA,NA,NA,NA,NA,NA,NA,NA,NA,NA,NA,NA,NA,NA,NA,NA,NA,NA,NA,NA,NA,NA,NA,NA,NA,NA,NA,NA,NA,NA,0,NA
2018-11-07,11.9083333333333,72.1541666666667,NA,NA,0.375817039981484,0,NA,NA,0.364905692636967,0,NA,NA,NA,NA,NA,NA,NA,NA,NA,NA,NA,NA,NA,NA,0.326528684794903,0,NA,NA,0.55068031946818,0,NA,NA,NA,NA,NA,NA,NA,NA,NA,NA,NA,NA,0.110424023121595,1,NA,NA,NA,NA,0.0434782608695652,0.2
2018-11-12,13.8041666666667,87.1083333333333,NA,NA,0.470171079039574,0,NA,NA,0.228631131350994,0,NA,NA,NA,NA,NA,NA,NA,NA,NA,NA,NA,NA,NA,NA,NA,NA,NA,NA,NA,NA,NA,NA,NA,NA,NA,NA,NA,NA,NA,NA,NA,NA,NA,NA,NA,NA,NA,NA,0,0
2018-11-17,15.4166666666667,91.6375,NA,NA,NA,NA,NA,NA,NA,NA,NA,NA,NA,NA,NA,NA,NA,NA,NA,NA,NA,NA,NA,NA,0.400135470926762,0,NA,NA,0.557072003682455,0,NA,NA,NA,NA,NA,NA,NA,NA,NA,NA,NA,NA,NA,NA,NA,NA,NA,NA,0,0
2018-11-22,12.875,85.475,NA,NA,NA,NA,NA,NA,NA,NA,NA,NA,NA,NA,NA,NA,NA,NA,NA,NA,NA,NA,NA,NA,NA,NA,NA,NA,NA,NA,NA,NA,NA,NA,NA,NA,NA,NA,NA,NA,NA,NA,NA,NA,NA,NA,NA,NA,0,NA
2018-11-27,13.9291666666667,57.3375,NA,NA,NA,NA,NA,NA,NA,NA,NA,NA,NA,NA,NA,NA,NA,NA,NA,NA,NA,NA,NA,NA,NA,NA,NA,NA,NA,NA,NA,NA,NA,NA,NA,NA,NA,NA,NA,NA,NA,NA,NA,NA,NA,NA,NA,NA,0,NA
2018-12-02,12.15,73.7333333333333,NA,NA,0.33452095836401,0,NA,NA,0.263635016977787,0,NA,NA,NA,NA,NA,NA,NA,NA,NA,NA,NA,NA,NA,NA,0.351458571851254,0,NA,NA,0.60694753130277,0,NA,NA,NA,NA,NA,NA,NA,NA,NA,NA,NA,NA,0.109432345256209,1,NA,NA,NA,NA,0.0434782608695652,0.2
2018-12-07,11.8791666666667,86.3041666666667,NA,NA,0.453757919371128,0,NA,NA,0.471884995698929,1,NA,NA,NA,NA,NA,NA,NA,NA,NA,NA,NA,NA,NA,NA,0.429873940348625,0,NA,NA,0.624063044786453,1,NA,NA,NA,NA,NA,NA,NA,NA,NA,NA,NA,NA,0.329771667718887,1,NA,NA,NA,NA,0.130434782608696,0.6
2018-12-12,11.9458333333333,78.3291666666667,NA,NA,0.326711924746633,0,NA,NA,0.343953341245651,0,NA,NA,NA,NA,NA,NA,NA,NA,NA,NA,NA,NA,NA,NA,0.356673365831375,0,NA,NA,0.633792931834857,1,NA,NA,NA,NA,NA,NA,NA,NA,NA,NA,NA,NA,0.19559309259057,0,NA,NA,NA,NA,0.0434782608695652,0.2
2018-12-17,12.1833333333333,60.1458333333333,NA,NA,0.398735783994198,0,NA,NA,0.434015415608883,1,NA,NA,NA,NA,NA,NA,NA,NA,NA,NA,NA,NA,NA,NA,0.459014853835106,0,NA,NA,0.536098736027877,0,NA,NA,NA,NA,NA,NA,NA,NA,NA,NA,NA,NA,0.240900076925755,0,NA,NA,NA,NA,0.0434782608695652,0.2
2018-12-22,10.4583333333333,76.1291666666667,NA,NA,0.318619040772319,0,NA,NA,0.347740732133389,0,NA,NA,NA,NA,NA,NA,NA,NA,NA,NA,NA,NA,NA,NA,0.359090108424425,0,NA,NA,0.489244535565376,0,NA,NA,NA,NA,NA,NA,NA,NA,NA,NA,NA,NA,0.0910346526652575,1,NA,NA,NA,NA,0.0434782608695652,0.2
2018-12-27,10.0166666666667,87,NA,NA,NA,NA,NA,NA,NA,NA,NA,NA,NA,NA,NA,NA,NA,NA,NA,NA,NA,NA,NA,NA,0.2951566234231,0,NA,NA,NA,NA,NA,NA,NA,NA,NA,NA,NA,NA,NA,NA,NA,NA,NA,NA,NA,NA,NA,NA,0,0
2019-01-01,8.91666666666667,73.8666666666667,NA,NA,0.320273365825415,0,NA,NA,0.32539152354002,0,NA,NA,NA,NA,NA,NA,NA,NA,NA,NA,NA,NA,NA,NA,0.374514496326447,0,NA,NA,0.618377243479093,1,NA,NA,NA,NA,NA,NA,NA,NA,NA,NA,NA,NA,0.121345568448305,0,NA,NA,NA,NA,0.0434782608695652,0.2
2019-01-06,8.68333333333333,61.3583333333333,NA,NA,0.325258955359459,0,NA,NA,0.441779740154743,1,NA,NA,NA,NA,NA,NA,NA,NA,NA,NA,NA,NA,NA,NA,0.442668941617012,0,NA,NA,0.598432486255964,0,NA,NA,NA,NA,NA,NA,NA,NA,NA,NA,NA,NA,0.247059591114521,0,NA,NA,NA,NA,0.0434782608695652,0.2
2019-01-11,4.47083333333333,65.0541666666667,NA,NA,0.292174929752946,0,NA,NA,0.318893238902092,0,NA,NA,NA,NA,NA,NA,NA,NA,NA,NA,NA,NA,NA,NA,0.382523921877146,0,NA,NA,0.531751895944277,0,NA,NA,NA,NA,NA,NA,NA,NA,NA,NA,NA,NA,0.132253497838974,0,NA,NA,NA,NA,0,0
2019-01-16,8.6375,86.225,NA,NA,0.294147573411465,0,NA,NA,0.383703321218491,0,NA,NA,NA,NA,NA,NA,NA,NA,NA,NA,NA,NA,NA,NA,0.368766343593597,0,NA,NA,0.544476062059403,0,NA,NA,NA,NA,NA,NA,NA,NA,NA,NA,NA,NA,0.295447759330273,1,NA,NA,NA,NA,0.0434782608695652,0.2
2019-01-21,9.59166666666667,55.3416666666667,NA,NA,0.304997056722641,0,NA,NA,0.268015921115875,0,NA,NA,NA,NA,NA,NA,NA,NA,NA,NA,NA,NA,NA,NA,0.351837474107742,0,NA,NA,0.548272768656413,0,NA,NA,NA,NA,NA,NA,NA,NA,NA,NA,NA,NA,0.110818658024073,1,NA,NA,NA,NA,0.0434782608695652,0.2
2019-01-26,12.9666666666667,59.1,NA,NA,0.301853377372026,0,NA,NA,0.443187534809113,1,NA,NA,NA,NA,NA,NA,NA,NA,NA,NA,NA,NA,NA,NA,0.452939665317535,0,NA,NA,0.615004782875379,1,NA,NA,NA,NA,NA,NA,NA,NA,NA,NA,NA,NA,0.293209619820118,0,NA,NA,NA,NA,0.0869565217391304,0.4
2019-01-31,15.0125,60.8875,NA,NA,NA,NA,NA,NA,NA,NA,NA,NA,NA,NA,NA,NA,NA,NA,NA,NA,NA,NA,NA,NA,NA,NA,NA,NA,NA,NA,NA,NA,NA,NA,NA,NA,NA,NA,NA,NA,NA,NA,NA,NA,NA,NA,NA,NA,0,NA
2019-02-05,10.0875,57.8375,NA,NA,0.283544559031725,0,NA,NA,0.419322207570076,1,NA,NA,NA,NA,NA,NA,NA,NA,NA,NA,NA,NA,NA,NA,0.454109942913055,0,NA,NA,0.665619547168414,1,NA,NA,NA,NA,NA,NA,NA,NA,NA,NA,NA,NA,0.274822317063808,0,NA,NA,NA,NA,0.0869565217391304,0.4
2019-02-10,11.6041666666667,65.5791666666667,NA,NA,0.288748152554035,0,NA,NA,0.280716978013515,0,NA,NA,NA,NA,NA,NA,NA,NA,NA,NA,NA,NA,NA,NA,NA,NA,NA,NA,NA,NA,NA,NA,NA,NA,NA,NA,NA,NA,NA,NA,NA,NA,NA,NA,NA,NA,NA,NA,0,0
2019-02-15,11.775,75.8458333333333,NA,NA,NA,NA,NA,NA,NA,NA,NA,NA,NA,NA,NA,NA,NA,NA,NA,NA,NA,NA,NA,NA,NA,NA,NA,NA,NA,NA,NA,NA,NA,NA,NA,NA,NA,NA,NA,NA,NA,NA,NA,NA,NA,NA,NA,NA,0,NA
2019-02-20,10.1916666666667,80.3833333333333,NA,NA,NA,NA,NA,NA,NA,NA,NA,NA,NA,NA,NA,NA,NA,NA,NA,NA,NA,NA,NA,NA,0.298536096513271,0,NA,NA,0.432042459646861,0,NA,NA,NA,NA,NA,NA,NA,NA,NA,NA,NA,NA,NA,NA,NA,NA,NA,NA,0,0
2019-02-25,11.4333333333333,67.9791666666667,NA,NA,0.312211826443672,0,NA,NA,0.431306302547455,1,NA,NA,NA,NA,NA,NA,NA,NA,NA,NA,NA,NA,NA,NA,0.459126833081245,0,NA,NA,0.616697728633881,1,NA,NA,NA,NA,NA,NA,NA,NA,NA,NA,NA,NA,0.30524192750454,1,NA,NA,NA,NA,0.130434782608696,0.6
2019-03-02,14.7291666666667,62.8666666666667,NA,NA,0.261691883206368,0,NA,NA,0.271450102329254,0,NA,NA,NA,NA,NA,NA,NA,NA,NA,NA,NA,NA,NA,NA,NA,NA,NA,NA,NA,NA,NA,NA,NA,NA,NA,NA,NA,NA,NA,NA,NA,NA,0.127724088728428,0,NA,NA,NA,NA,0,0
2019-03-07,13.1416666666667,54.0625,NA,NA,NA,NA,NA,NA,NA,NA,NA,NA,NA,NA,NA,NA,NA,NA,NA,NA,NA,NA,NA,NA,NA,NA,NA,NA,NA,NA,NA,NA,NA,NA,NA,NA,NA,NA,NA,NA,NA,NA,NA,NA,NA,NA,NA,NA,0,NA
2019-03-12,13.0083333333333,70.5541666666667,NA,NA,0.249618470668793,0,NA,NA,0.247304387390614,0,NA,NA,NA,NA,NA,NA,NA,NA,NA,NA,NA,NA,NA,NA,0.322660690546036,0,NA,NA,0.452863598863284,0,NA,NA,NA,NA,NA,NA,NA,NA,NA,NA,NA,NA,0.0916728023439646,1,NA,NA,NA,NA,0.0434782608695652,0.2
2019-03-17,16.2375,42.9958333333333,NA,NA,0.274338491261005,0,NA,NA,0.299161516129971,0,NA,NA,NA,NA,NA,NA,NA,NA,NA,NA,NA,NA,NA,NA,0.411400291323662,0,NA,NA,0.533114095528921,0,NA,NA,NA,NA,NA,NA,NA,NA,NA,NA,NA,NA,0.199927385896444,0,NA,NA,NA,NA,0,0
2019-03-22,12.6666666666667,58.2833333333333,NA,NA,0.243652261793613,0,NA,NA,0.250038787722588,0,NA,NA,NA,NA,NA,NA,NA,NA,NA,NA,NA,NA,NA,NA,0.365919622778893,0,NA,NA,0.471886788805326,0,NA,NA,NA,NA,NA,NA,NA,NA,NA,NA,NA,NA,0.177372734993696,0,NA,NA,NA,NA,0,0
2019-03-27,11.9416666666667,61.4375,NA,NA,0.204234130680561,1,NA,NA,0.350718706846237,0,NA,NA,NA,NA,NA,NA,NA,NA,NA,NA,NA,NA,NA,NA,0.455232426524162,0,NA,NA,0.497537011901538,0,NA,NA,NA,NA,NA,NA,NA,NA,NA,NA,NA,NA,0.167637459933758,0,NA,NA,NA,NA,0.0434782608695652,0.2
2019-04-01,13.9708333333333,87.8625,NA,NA,NA,NA,NA,NA,NA,NA,NA,NA,NA,NA,NA,NA,NA,NA,NA,NA,NA,NA,NA,NA,NA,NA,NA,NA,NA,NA,NA,NA,NA,NA,NA,NA,NA,NA,NA,NA,NA,NA,NA,NA,NA,NA,NA,NA,0,NA
2019-04-06,11.75,61.1458333333333,NA,NA,0.326974980533123,0,NA,NA,0.331143587827683,0,NA,NA,NA,NA,NA,NA,NA,NA,NA,NA,NA,NA,NA,NA,0.496373027563095,1,NA,NA,0.521950289607048,0,NA,NA,NA,NA,NA,NA,NA,NA,NA,NA,NA,NA,0.186276018619537,0,NA,NA,NA,NA,0.0434782608695652,0.2
2019-04-11,15.6333333333333,48.7375,NA,NA,0.260939542204142,0,NA,NA,0.23258014768362,0,NA,NA,NA,NA,NA,NA,NA,NA,NA,NA,NA,NA,NA,NA,0.320448286831379,0,NA,NA,0.355993710458279,0,NA,NA,NA,NA,NA,NA,NA,NA,NA,NA,NA,NA,0.0802476815879345,1,NA,NA,NA,NA,0.0434782608695652,0.2
2019-04-16,16.6208333333333,71.6416666666667,NA,NA,0.300481531769037,0,NA,NA,0.337314188480377,0,NA,NA,NA,NA,NA,NA,NA,NA,NA,NA,NA,NA,NA,NA,0.433288851380348,0,NA,NA,0.445385312040647,0,NA,NA,NA,NA,NA,NA,NA,NA,NA,NA,NA,NA,0.284388363361359,0,NA,NA,NA,NA,0,0
2019-04-21,13.2166666666667,83.7125,NA,NA,NA,NA,NA,NA,NA,NA,NA,NA,NA,NA,NA,NA,NA,NA,NA,NA,NA,NA,NA,NA,NA,NA,NA,NA,NA,NA,NA,NA,NA,NA,NA,NA,NA,NA,NA,NA,NA,NA,NA,NA,NA,NA,NA,NA,0,NA
2019-04-26,16.1041666666667,60.0708333333333,NA,NA,0.301552884280682,0,NA,NA,0.324475660920143,0,NA,NA,NA,NA,NA,NA,NA,NA,NA,NA,NA,NA,NA,NA,0.516843074560165,1,NA,NA,0.505051697293917,0,NA,NA,NA,NA,NA,NA,NA,NA,NA,NA,NA,NA,0.256623864173889,0,NA,NA,NA,NA,0.0434782608695652,0.2
2019-05-01,16.5791666666667,72.6,NA,NA,0.240765627473593,0,NA,NA,0.235833264887333,0,NA,NA,NA,NA,NA,NA,NA,NA,NA,NA,NA,NA,NA,NA,0.391479724645615,0,NA,NA,0.371133203307788,0,NA,NA,NA,NA,NA,NA,NA,NA,NA,NA,NA,NA,0.142303287982941,0,NA,NA,NA,NA,0,0
2019-05-06,17.1708333333333,79.9833333333333,NA,NA,0.248378291726112,0,NA,NA,0.225871540606022,0,NA,NA,NA,NA,NA,NA,NA,NA,NA,NA,NA,NA,NA,NA,0.389492005109787,0,NA,NA,0.352268782754739,0,NA,NA,NA,NA,NA,NA,NA,NA,NA,NA,NA,NA,0.223003953695297,0,NA,NA,NA,NA,0,0
2019-05-11,22.7625,57.7375,NA,NA,0.264032019302249,0,NA,NA,0.221671987324953,1,NA,NA,NA,NA,NA,NA,NA,NA,NA,NA,NA,NA,NA,NA,0.27807828783989,0,NA,NA,0.333711624145508,1,NA,NA,NA,NA,NA,NA,NA,NA,NA,NA,NA,NA,0.0943840835243464,1,NA,NA,NA,NA,0.130434782608696,0.6
2019-05-16,19.6083333333333,69.7958333333333,NA,NA,0.340583398938179,0,NA,NA,0.300270758569241,0,NA,NA,NA,NA,NA,NA,NA,NA,NA,NA,NA,NA,NA,NA,0.435820414125919,0,NA,NA,0.511022493243218,0,NA,NA,NA,NA,NA,NA,NA,NA,NA,NA,NA,NA,0.246949397027493,0,NA,NA,NA,NA,0,0
2019-05-26,19.3708333333333,64.2083333333333,NA,NA,0.415861144661903,0,NA,NA,0.360526651144028,0,NA,NA,NA,NA,NA,NA,NA,NA,NA,NA,NA,NA,NA,NA,0.465565255284309,1,NA,NA,0.542535399397214,0,NA,NA,NA,NA,NA,NA,NA,NA,NA,NA,NA,NA,0.283008903264999,0,NA,NA,NA,NA,0.0434782608695652,0.2
2019-05-31,18.7625,60.8291666666667,NA,NA,0.385937064886093,0,NA,NA,0.30692508071661,0,NA,NA,NA,NA,NA,NA,NA,NA,NA,NA,NA,NA,NA,NA,0.313678662478924,0,NA,NA,0.504054392377535,0,NA,NA,NA,NA,NA,NA,NA,NA,NA,NA,NA,NA,NA,NA,NA,NA,NA,NA,0,0
2019-06-05,22.5708333333333,48.3666666666667,NA,NA,0.405989713966846,0,NA,NA,0.334557391703129,0,NA,NA,NA,NA,NA,NA,NA,NA,NA,NA,NA,NA,NA,NA,0.329732105135918,0,NA,NA,0.518160571654638,0,NA,NA,NA,NA,NA,NA,NA,NA,NA,NA,NA,NA,0.164791133254766,0,NA,NA,NA,NA,0,0
2019-06-10,24.6166666666667,43.5916666666667,NA,NA,0.378408506512642,0,NA,NA,0.318087011575699,0,NA,NA,NA,NA,NA,NA,NA,NA,NA,NA,NA,NA,NA,NA,0.265152310580015,0,NA,NA,0.474679725865523,0,NA,NA,NA,NA,NA,NA,NA,NA,NA,NA,NA,NA,NA,NA,NA,NA,NA,NA,0,0
2019-06-15,22.7291666666667,47.0625,NA,NA,0.435893200337887,0,NA,NA,0.353842556476593,0,NA,NA,NA,NA,NA,NA,NA,NA,NA,NA,NA,NA,NA,NA,0.349464975297451,0,NA,NA,0.534479747215907,0,NA,NA,NA,NA,NA,NA,NA,NA,NA,NA,NA,NA,0.219474952667952,0,NA,NA,NA,NA,0,0
2019-06-20,23.6041666666667,67.2833333333333,NA,NA,0.408539615571499,0,NA,NA,0.333525151014328,0,NA,NA,NA,NA,NA,NA,NA,NA,NA,NA,NA,NA,NA,NA,0.319718088209629,0,NA,NA,0.490109369158745,0,NA,NA,NA,NA,NA,NA,NA,NA,NA,NA,NA,NA,0.165958639234304,0,NA,NA,NA,NA,0,0
2019-06-25,24.0333333333333,70.7791666666667,NA,NA,0.392134413123131,0,NA,NA,0.276364982128143,0,NA,NA,NA,NA,NA,NA,NA,NA,NA,NA,NA,NA,NA,NA,0.267449462413788,0,NA,NA,0.422687200208505,0,NA,NA,NA,NA,NA,NA,NA,NA,NA,NA,NA,NA,0.182199113070965,0,NA,NA,NA,NA,0,0
2019-06-30,26.6041666666667,45.0916666666667,NA,NA,0.402338050305843,0,NA,NA,0.300759233534336,0,NA,NA,NA,NA,NA,NA,NA,NA,NA,NA,NA,NA,NA,NA,0.303060920536518,0,NA,NA,0.494591260949771,0,NA,NA,NA,NA,NA,NA,NA,NA,NA,NA,NA,NA,0.169787637889385,0,NA,NA,NA,NA,0,0
2019-07-05,26.6,72.7333333333333,NA,NA,0.355561390519142,0,NA,NA,0.270597882568836,0,NA,NA,NA,NA,NA,NA,NA,NA,NA,NA,NA,NA,NA,NA,0.275870671868324,0,NA,NA,0.39369281133016,0,NA,NA,NA,NA,NA,NA,NA,NA,NA,NA,NA,NA,0.215731710195541,0,NA,NA,NA,NA,0,0
2019-07-10,24.65,60.5666666666667,NA,NA,0.407459028065205,0,NA,NA,0.317881226539612,0,NA,NA,NA,NA,NA,NA,NA,NA,NA,NA,NA,NA,NA,NA,0.286595121026039,0,NA,NA,0.482059513529142,0,NA,NA,NA,NA,NA,NA,NA,NA,NA,NA,NA,NA,0.208157025277615,0,NA,NA,NA,NA,0,0
2019-07-15,27.8916666666667,66.6333333333333,NA,NA,0.441319458186626,0,NA,NA,0.328520461916924,0,NA,NA,NA,NA,NA,NA,NA,NA,NA,NA,NA,NA,NA,NA,0.294522833824158,0,NA,NA,0.459734504421552,0,NA,NA,NA,NA,NA,NA,NA,NA,NA,NA,NA,NA,0.234178237617016,0,NA,NA,NA,NA,0,0
2019-07-20,27.3333333333333,65.7125,NA,NA,0.30816662311554,0,NA,NA,0.207377530634403,1,NA,NA,NA,NA,NA,NA,NA,NA,NA,NA,NA,NA,NA,NA,0.218640123307705,1,NA,NA,0.32908916970094,1,NA,NA,NA,NA,NA,NA,NA,NA,NA,NA,NA,NA,0.139922421425581,0,NA,NA,NA,NA,0.130434782608696,0.6
2019-07-25,26.85,64.7916666666667,NA,NA,0.447840459644794,0,NA,NA,0.356493413448334,0,NA,NA,NA,NA,NA,NA,NA,NA,NA,NA,NA,NA,NA,NA,0.317830085754395,0,NA,NA,0.480429684122403,0,NA,NA,NA,NA,NA,NA,NA,NA,NA,NA,NA,NA,0.235038809478283,0,NA,NA,NA,NA,0,0
2019-07-30,25.8208333333333,73.2625,NA,NA,0.42446107417345,0,NA,NA,0.268664829432964,0,NA,NA,NA,NA,NA,NA,NA,NA,NA,NA,NA,NA,NA,NA,0.251974581182003,0,NA,NA,0.478644291559855,0,NA,NA,NA,NA,NA,NA,NA,NA,NA,NA,NA,NA,0.152773071080446,0,NA,NA,NA,NA,0,0
2019-08-04,27.2,76.7583333333333,NA,NA,0.387059912085533,0,NA,NA,0.260867461562157,0,NA,NA,NA,NA,NA,NA,NA,NA,NA,NA,NA,NA,NA,NA,0.220064513385296,1,NA,NA,0.363095154364904,0,NA,NA,NA,NA,NA,NA,NA,NA,NA,NA,NA,NA,0.195693712681532,0,NA,NA,NA,NA,0.0434782608695652,0.2
2019-08-09,29.5083333333333,48.2958333333333,NA,NA,0.408660709857941,0,NA,NA,0.260964915156364,0,NA,NA,NA,NA,NA,NA,NA,NA,NA,NA,NA,NA,NA,NA,0.235267306864262,0,NA,NA,0.446467787027359,0,NA,NA,NA,NA,NA,NA,NA,NA,NA,NA,NA,NA,0.156928032636642,0,NA,NA,NA,NA,0,0
2019-08-14,25.6125,77.0541666666667,NA,NA,0.438320316374302,0,NA,NA,0.320972979068756,0,NA,NA,NA,NA,NA,NA,NA,NA,NA,NA,NA,NA,NA,NA,0.241774761676788,0,NA,NA,0.45431757469972,0,NA,NA,NA,NA,NA,NA,NA,NA,NA,NA,NA,NA,0.22316874563694,0,NA,NA,NA,NA,0,0
2019-08-19,26.6875,73.1583333333333,NA,NA,0.436162881553173,0,NA,NA,0.255079746246338,0,NA,NA,NA,NA,NA,NA,NA,NA,NA,NA,NA,NA,NA,NA,0.238417388498783,0,NA,NA,0.506862392028173,0,NA,NA,NA,NA,NA,NA,NA,NA,NA,NA,NA,NA,0.150017471984029,0,NA,NA,NA,NA,0,0
2019-08-24,24.2,77.1458333333333,NA,NA,0.511603407561779,1,NA,NA,0.389258295297623,0,NA,NA,NA,NA,NA,NA,NA,NA,NA,NA,NA,NA,NA,NA,0.0544940164933602,1,NA,NA,0.0603536106646061,1,NA,NA,NA,NA,NA,NA,NA,NA,NA,NA,NA,NA,0.258054316043854,0,NA,NA,NA,NA,0.130434782608696,0.6
2019-08-29,25.2666666666667,82.7380952380952,NA,NA,0.168500013649464,1,NA,NA,NA,NA,NA,NA,NA,NA,NA,NA,NA,NA,NA,NA,NA,NA,NA,NA,0.146347283571959,1,NA,NA,0.337739355862141,1,NA,NA,NA,NA,NA,NA,NA,NA,NA,NA,NA,NA,0.141465660184622,0,NA,NA,NA,NA,0.130434782608696,0.75
2019-09-03,25.2875,82.5083333333333,NA,NA,0.229095157235861,1,NA,NA,NA,NA,NA,NA,NA,NA,NA,NA,NA,NA,NA,NA,NA,NA,NA,NA,0.287220539152622,0,NA,NA,0.312957227230072,1,NA,NA,NA,NA,NA,NA,NA,NA,NA,NA,NA,NA,NA,NA,NA,NA,NA,NA,0.0869565217391304,0.666666666666667
2019-09-08,23.4208333333333,76.6833333333333,NA,NA,NA,NA,NA,NA,NA,NA,NA,NA,NA,NA,NA,NA,NA,NA,NA,NA,NA,NA,NA,NA,NA,NA,NA,NA,NA,NA,NA,NA,NA,NA,NA,NA,NA,NA,NA,NA,NA,NA,NA,NA,NA,NA,NA,NA,0,NA
2019-09-13,22.6153846153846,88.4615384615385,NA,NA,NA,NA,NA,NA,NA,NA,NA,NA,NA,NA,NA,NA,NA,NA,NA,NA,NA,NA,NA,NA,NA,NA,NA,NA,NA,NA,NA,NA,NA,NA,NA,NA,NA,NA,NA,NA,NA,NA,0.214305773377419,0,NA,NA,NA,NA,0,0
2019-09-18,23.3541666666667,86.775,NA,NA,0.478641375899315,1,NA,NA,0.293345771729946,0,NA,NA,NA,NA,NA,NA,NA,NA,NA,NA,NA,NA,NA,NA,0.338935825228691,0,NA,NA,0.37150639295578,0,NA,NA,NA,NA,NA,NA,NA,NA,NA,NA,NA,NA,0.205424632877111,0,NA,NA,NA,NA,0.0434782608695652,0.2
2019-09-28,23.02,88.505,NA,NA,0.251780983060598,0,NA,NA,0.293347075581551,0,NA,NA,NA,NA,NA,NA,NA,NA,NA,NA,NA,NA,NA,NA,0.395612323284149,0,NA,NA,0.504950081308683,0,NA,NA,NA,NA,NA,NA,NA,NA,NA,NA,NA,NA,0.213564213365316,0,NA,NA,NA,NA,0,0
2019-10-03,21.5458333333333,51.1833333333333,NA,NA,0.501896135509014,1,NA,NA,0.350363954901695,0,NA,NA,NA,NA,NA,NA,NA,NA,NA,NA,NA,NA,NA,NA,0.443511724472046,0,NA,NA,0.561852246522903,0,NA,NA,NA,NA,NA,NA,NA,NA,NA,NA,NA,NA,0.273074820637703,0,NA,NA,NA,NA,0.0434782608695652,0.2
2019-10-08,21.65,72.3958333333333,NA,NA,0.364581543952227,0,NA,NA,NA,NA,NA,NA,NA,NA,NA,NA,NA,NA,NA,NA,NA,NA,NA,NA,NA,NA,NA,NA,NA,NA,NA,NA,NA,NA,NA,NA,NA,NA,NA,NA,NA,NA,0.134375412017107,0,NA,NA,NA,NA,0,0
2019-10-13,21.5333333333333,82.8375,NA,NA,0.549539178609848,1,NA,NA,0.376431003212929,0,NA,NA,NA,NA,NA,NA,NA,NA,NA,NA,NA,NA,NA,NA,0.437223798036575,0,NA,NA,0.568674469987551,0,NA,NA,NA,NA,NA,NA,NA,NA,NA,NA,NA,NA,0.280996397137642,0,NA,NA,NA,NA,0.0434782608695652,0.2
2019-10-18,18.6458333333333,60.2375,NA,NA,NA,NA,NA,NA,NA,NA,NA,NA,NA,NA,NA,NA,NA,NA,NA,NA,NA,NA,NA,NA,NA,NA,NA,NA,NA,NA,NA,NA,NA,NA,NA,NA,NA,NA,NA,NA,NA,NA,NA,NA,NA,NA,NA,NA,0,NA
2019-10-23,14.175,74.6,NA,NA,0.404632709920406,0,NA,NA,0.370946273207665,0,NA,NA,NA,NA,NA,NA,NA,NA,NA,NA,NA,NA,NA,NA,0.423041179776192,0,NA,NA,0.557451814413071,0,NA,NA,NA,NA,NA,NA,NA,NA,NA,NA,NA,NA,0.216530922800303,0,NA,NA,NA,NA,0,0
2019-10-28,15.9625,91.8333333333333,NA,NA,NA,NA,NA,NA,NA,NA,NA,NA,NA,NA,NA,NA,NA,NA,NA,NA,NA,NA,NA,NA,NA,NA,NA,NA,NA,NA,NA,NA,NA,NA,NA,NA,NA,NA,NA,NA,NA,NA,NA,NA,NA,NA,NA,NA,0,NA
2019-11-02,21.1041666666667,58.3291666666667,NA,NA,NA,NA,NA,NA,NA,NA,NA,NA,NA,NA,NA,NA,NA,NA,NA,NA,NA,NA,NA,NA,NA,NA,NA,NA,NA,NA,NA,NA,NA,NA,NA,NA,NA,NA,NA,NA,NA,NA,NA,NA,NA,NA,NA,NA,0,NA
2019-11-07,14.1875,63.05,NA,NA,0.350443681702018,0,NA,NA,0.18121600151062,1,NA,NA,NA,NA,NA,NA,NA,NA,NA,NA,NA,NA,NA,NA,0.287313286215067,0,NA,NA,0.549948915839195,0,NA,NA,NA,NA,NA,NA,NA,NA,NA,NA,NA,NA,0.120308719575405,0,NA,NA,NA,NA,0.0434782608695652,0.2
2019-11-12,14.4375,42.6666666666667,NA,NA,0.399460755288601,0,NA,NA,0.35202444344759,0,NA,NA,NA,NA,NA,NA,NA,NA,NA,NA,NA,NA,NA,NA,0.39679239243269,0,NA,NA,0.595684458812078,0,NA,NA,NA,NA,NA,NA,NA,NA,NA,NA,NA,NA,0.153027109801769,0,NA,NA,NA,NA,0,0
2019-11-17,10.875,55.4916666666667,NA,NA,NA,NA,NA,NA,NA,NA,NA,NA,NA,NA,NA,NA,NA,NA,NA,NA,NA,NA,NA,NA,NA,NA,NA,NA,NA,NA,NA,NA,NA,NA,NA,NA,NA,NA,NA,NA,NA,NA,NA,NA,NA,NA,NA,NA,0,NA
2019-11-22,12.2208333333333,97.0333333333333,NA,NA,NA,NA,NA,NA,NA,NA,NA,NA,NA,NA,NA,NA,NA,NA,NA,NA,NA,NA,NA,NA,NA,NA,NA,NA,NA,NA,NA,NA,NA,NA,NA,NA,NA,NA,NA,NA,NA,NA,NA,NA,NA,NA,NA,NA,0,NA
2019-11-27,16.125,65.8791666666667,NA,NA,0.36147753149271,0,NA,NA,0.330921873450279,0,NA,NA,NA,NA,NA,NA,NA,NA,NA,NA,NA,NA,NA,NA,0.378629219532013,0,NA,NA,0.610340535640717,1,NA,NA,NA,NA,NA,NA,NA,NA,NA,NA,NA,NA,0.216981463134289,0,NA,NA,NA,NA,0.0434782608695652,0.2
2019-12-02,12.7041666666667,96.9208333333333,NA,NA,NA,NA,NA,NA,NA,NA,NA,NA,NA,NA,NA,NA,NA,NA,NA,NA,NA,NA,NA,NA,NA,NA,NA,NA,NA,NA,NA,NA,NA,NA,NA,NA,NA,NA,NA,NA,NA,NA,NA,NA,NA,NA,NA,NA,0,NA
2019-12-07,11.9166666666667,86.7208333333333,NA,NA,NA,NA,NA,NA,NA,NA,NA,NA,NA,NA,NA,NA,NA,NA,NA,NA,NA,NA,NA,NA,NA,NA,NA,NA,NA,NA,NA,NA,NA,NA,NA,NA,NA,NA,NA,NA,NA,NA,NA,NA,NA,NA,NA,NA,0,NA
2019-12-12,12.0375,56.6208333333333,NA,NA,0.408520311117172,0,NA,NA,0.422081917524338,1,NA,NA,NA,NA,NA,NA,NA,NA,NA,NA,NA,NA,NA,NA,0.518596497178078,1,NA,NA,0.677408854166667,1,NA,NA,NA,NA,NA,NA,NA,NA,NA,NA,NA,NA,0.356113240122795,1,NA,NA,NA,NA,0.173913043478261,0.8
2019-12-17,11.9833333333333,86.4375,NA,NA,0.212575659155846,1,NA,NA,0.233732685446739,0,NA,NA,NA,NA,NA,NA,NA,NA,NA,NA,NA,NA,NA,NA,NA,NA,NA,NA,NA,NA,NA,NA,NA,NA,NA,NA,NA,NA,NA,NA,NA,NA,NA,NA,NA,NA,NA,NA,0.0434782608695652,0.5
2019-12-22,16.7625,49.8916666666667,NA,NA,0.346122428774834,0,NA,NA,0.408991470932961,1,NA,NA,NA,NA,NA,NA,NA,NA,NA,NA,NA,NA,NA,NA,0.506169560551643,1,NA,NA,0.632979477445285,1,NA,NA,NA,NA,NA,NA,NA,NA,NA,NA,NA,NA,0.300819419324398,1,NA,NA,NA,NA,0.173913043478261,0.8
2019-12-27,11.8125,90.5041666666667,NA,NA,0.313662059605122,0,NA,NA,0.337545871734619,0,NA,NA,NA,NA,NA,NA,NA,NA,NA,NA,NA,NA,NA,NA,0.393423622846603,0,NA,NA,0.555509343743324,0,NA,NA,NA,NA,NA,NA,NA,NA,NA,NA,NA,NA,0.208418406546116,0,NA,NA,NA,NA,0,0
2020-01-01,8.14583333333333,94.425,NA,NA,0.427318640053272,0,NA,NA,0.466067686676979,1,NA,NA,NA,NA,NA,NA,NA,NA,NA,NA,NA,NA,NA,NA,0.523107120394707,1,NA,NA,0.577378635605176,0,NA,NA,NA,NA,NA,NA,NA,NA,NA,NA,NA,NA,0.353608071804047,1,NA,NA,NA,NA,0.130434782608696,0.6
2020-01-06,6.96666666666667,90.9083333333333,NA,NA,0.356225810945034,0,NA,NA,0.366485573351383,0,NA,NA,NA,NA,NA,NA,NA,NA,NA,NA,NA,NA,NA,NA,0.443718641996384,0,NA,NA,0.58667882780234,0,NA,NA,NA,NA,NA,NA,NA,NA,NA,NA,NA,NA,0.243641056120396,0,NA,NA,NA,NA,0,0
2020-01-11,10.6458333333333,72.35,NA,NA,0.342240463942289,0,NA,NA,0.380786672234535,0,NA,NA,NA,NA,NA,NA,NA,NA,NA,NA,NA,NA,NA,NA,0.473881749808788,1,NA,NA,0.654065102338791,1,NA,NA,NA,NA,NA,NA,NA,NA,NA,NA,NA,NA,0.260209739208221,0,NA,NA,NA,NA,0.0869565217391304,0.4
2020-01-16,9.35,76.725,NA,NA,0.337524060159922,0,NA,NA,0.33831587433815,0,NA,NA,NA,NA,NA,NA,NA,NA,NA,NA,NA,NA,NA,NA,0.410211037099361,0,NA,NA,0.632893621921539,1,NA,NA,NA,NA,NA,NA,NA,NA,NA,NA,NA,NA,0.179207449778914,0,NA,NA,NA,NA,0.0434782608695652,0.2
2020-01-21,9.46666666666667,97.75,NA,NA,NA,NA,NA,NA,NA,NA,NA,NA,NA,NA,NA,NA,NA,NA,NA,NA,NA,NA,NA,NA,NA,NA,NA,NA,NA,NA,NA,NA,NA,NA,NA,NA,NA,NA,NA,NA,NA,NA,NA,NA,NA,NA,NA,NA,0,NA
2020-01-26,10.7958333333333,87.875,NA,NA,0.334093980491161,0,NA,NA,0.341525457799435,0,NA,NA,NA,NA,NA,NA,NA,NA,NA,NA,NA,NA,NA,NA,0.45306910276413,0,NA,NA,0.560705209771792,0,NA,NA,NA,NA,NA,NA,NA,NA,NA,NA,NA,NA,0.136352129280567,0,NA,NA,NA,NA,0,0
2020-01-31,14.2708333333333,81.5041666666667,NA,NA,0.304602280259132,0,NA,NA,0.341398254036903,0,NA,NA,NA,NA,NA,NA,NA,NA,NA,NA,NA,NA,NA,NA,0.4587019354105,0,NA,NA,0.575479418039322,0,NA,NA,NA,NA,NA,NA,NA,NA,NA,NA,NA,NA,0.142036240547895,0,NA,NA,NA,NA,0,0
2020-02-05,12.2166666666667,93.5583333333333,NA,NA,NA,NA,NA,NA,NA,NA,NA,NA,NA,NA,NA,NA,NA,NA,NA,NA,NA,NA,NA,NA,NA,NA,NA,NA,NA,NA,NA,NA,NA,NA,NA,NA,NA,NA,NA,NA,NA,NA,NA,NA,NA,NA,NA,NA,0,NA
2020-02-10,12.4583333333333,86.8083333333333,NA,NA,0.32565962895751,0,NA,NA,0.330481335520744,0,NA,NA,NA,NA,NA,NA,NA,NA,NA,NA,NA,NA,NA,NA,0.482648345828056,1,NA,NA,0.59345451494058,0,NA,NA,NA,NA,NA,NA,NA,NA,NA,NA,NA,NA,0.181160770356655,0,NA,NA,NA,NA,0.0434782608695652,0.2
2020-02-15,11.6375,87.9791666666667,NA,NA,0.303589118644595,0,NA,NA,0.30521048605442,0,NA,NA,NA,NA,NA,NA,NA,NA,NA,NA,NA,NA,NA,NA,0.368240106105804,0,NA,NA,0.567460586627325,0,NA,NA,NA,NA,NA,NA,NA,NA,NA,NA,NA,NA,0.167362902313471,0,NA,NA,NA,NA,0,0
2020-02-20,9.88333333333333,89.1416666666667,NA,NA,0.313664581626654,0,NA,NA,0.325148448348045,0,NA,NA,NA,NA,NA,NA,NA,NA,NA,NA,NA,NA,NA,NA,0.351182525356611,0,NA,NA,0.549253503481547,0,NA,NA,NA,NA,NA,NA,NA,NA,NA,NA,NA,NA,0.263814218342304,0,NA,NA,NA,NA,0,0
2020-02-25,14.6583333333333,58.7666666666667,NA,NA,0.297787141054869,0,NA,NA,0.309871360659599,0,NA,NA,NA,NA,NA,NA,NA,NA,NA,NA,NA,NA,NA,NA,0.452188697457314,0,NA,NA,0.559976642330488,0,NA,NA,NA,NA,NA,NA,NA,NA,NA,NA,NA,NA,0.202335935086012,0,NA,NA,NA,NA,0,0
2020-03-01,17.1791666666667,58.1333333333333,NA,NA,NA,NA,NA,NA,NA,NA,NA,NA,NA,NA,NA,NA,NA,NA,NA,NA,NA,NA,NA,NA,NA,NA,NA,NA,NA,NA,NA,NA,NA,NA,NA,NA,NA,NA,NA,NA,NA,NA,NA,NA,NA,NA,NA,NA,0,NA
2020-03-06,13.8125,43.5875,NA,NA,0.27606026083231,0,NA,NA,0.253155581653118,0,NA,NA,NA,NA,NA,NA,NA,NA,NA,NA,NA,NA,NA,NA,0.400754681229591,0,NA,NA,0.585754578312238,0,NA,NA,NA,NA,NA,NA,NA,NA,NA,NA,NA,NA,0.167908724397421,0,NA,NA,NA,NA,0,0
2020-03-11,17.6041666666667,60.1125,NA,NA,0.312557276338339,0,NA,NA,0.30578401684761,0,NA,NA,NA,NA,NA,NA,NA,NA,NA,NA,NA,NA,NA,NA,0.460498981177807,1,NA,NA,0.57100788752238,0,NA,NA,NA,NA,NA,NA,NA,NA,NA,NA,NA,NA,0.211733594536781,0,NA,NA,NA,NA,0.0434782608695652,0.2
2020-03-16,12.2416666666667,87.3583333333333,NA,NA,NA,NA,NA,NA,NA,NA,NA,NA,NA,NA,NA,NA,NA,NA,NA,NA,NA,NA,NA,NA,NA,NA,NA,NA,NA,NA,NA,NA,NA,NA,NA,NA,NA,NA,NA,NA,NA,NA,NA,NA,NA,NA,NA,NA,0,NA
2020-03-21,11.9875,93.9875,NA,NA,NA,NA,NA,NA,NA,NA,NA,NA,NA,NA,NA,NA,NA,NA,NA,NA,NA,NA,NA,NA,NA,NA,NA,NA,NA,NA,NA,NA,NA,NA,NA,NA,NA,NA,NA,NA,NA,NA,NA,NA,NA,NA,NA,NA,0,NA
2020-03-26,12.4916666666667,81.4041666666667,NA,NA,0.298112623393536,0,NA,NA,0.266697928309441,0,NA,NA,NA,NA,NA,NA,NA,NA,NA,NA,NA,NA,NA,NA,0.423024861514568,0,NA,NA,0.567772919933001,0,NA,NA,NA,NA,NA,NA,NA,NA,NA,NA,NA,NA,0.178507190197706,0,NA,NA,NA,NA,0,0
2020-03-31,13.4,94.5375,NA,NA,NA,NA,NA,NA,NA,NA,NA,NA,NA,NA,NA,NA,NA,NA,NA,NA,NA,NA,NA,NA,NA,NA,NA,NA,NA,NA,NA,NA,NA,NA,NA,NA,NA,NA,NA,NA,NA,NA,NA,NA,NA,NA,NA,NA,0,NA
2020-04-15,15.9875,94.175,NA,NA,NA,NA,NA,NA,NA,NA,NA,NA,NA,NA,NA,NA,NA,NA,NA,NA,NA,NA,NA,NA,NA,NA,NA,NA,0.430143078168233,0,NA,NA,NA,NA,NA,NA,NA,NA,NA,NA,NA,NA,NA,NA,NA,NA,NA,NA,0,0
2020-04-20,16.8625,74.025,NA,NA,NA,NA,NA,NA,NA,NA,NA,NA,NA,NA,NA,NA,NA,NA,NA,NA,NA,NA,NA,NA,NA,NA,NA,NA,0.259847164154053,1,NA,NA,NA,NA,NA,NA,NA,NA,NA,NA,NA,NA,0.253915823996067,0,NA,NA,NA,NA,0.0434782608695652,0.5
2020-04-25,13.4625,99.5583333333333,NA,NA,NA,NA,NA,NA,NA,NA,NA,NA,NA,NA,NA,NA,NA,NA,NA,NA,NA,NA,NA,NA,NA,NA,NA,NA,NA,NA,NA,NA,NA,NA,NA,NA,NA,NA,NA,NA,NA,NA,NA,NA,NA,NA,NA,NA,0,NA
2020-04-30,18.1041666666667,73.9541666666667,NA,NA,0.302279621362686,0,NA,NA,0.216253004968166,1,NA,NA,NA,NA,NA,NA,NA,NA,NA,NA,NA,NA,NA,NA,0.510840925574303,1,NA,NA,0.46466293434302,0,NA,NA,NA,NA,NA,NA,NA,NA,NA,NA,NA,NA,0.294199883937836,1,NA,NA,NA,NA,0.130434782608696,0.6
2020-05-05,21.9458333333333,66.4833333333333,NA,NA,0.257122326642275,0,NA,NA,0.223568968474865,0,NA,NA,NA,NA,NA,NA,NA,NA,NA,NA,NA,NA,NA,NA,0.343160663545132,0,NA,NA,0.369191979368528,0,NA,NA,NA,NA,NA,NA,NA,NA,NA,NA,NA,NA,0.162142567336559,0,NA,NA,NA,NA,0,0
2020-05-10,19.3041666666667,65.2333333333333,NA,NA,NA,NA,NA,NA,NA,NA,NA,NA,NA,NA,NA,NA,NA,NA,NA,NA,NA,NA,NA,NA,0.519536346197128,1,NA,NA,0.532081137100856,0,NA,NA,NA,NA,NA,NA,NA,NA,NA,NA,NA,NA,NA,NA,NA,NA,NA,NA,0.0434782608695652,0.5
2020-05-15,16.2875,84.0166666666667,NA,NA,0.00552775443065912,1,NA,NA,NA,NA,NA,NA,NA,NA,NA,NA,NA,NA,NA,NA,NA,NA,NA,NA,NA,NA,NA,NA,NA,NA,NA,NA,NA,NA,NA,NA,NA,NA,NA,NA,NA,NA,0.0341872312128544,1,NA,NA,NA,NA,0.0869565217391304,1
2020-05-20,23.2666666666667,66.5208333333333,NA,NA,0.388505384325981,0,NA,NA,0.349519088864327,0,NA,NA,NA,NA,NA,NA,NA,NA,NA,NA,NA,NA,NA,NA,0.547435784339905,1,NA,NA,0.606200948357582,0,NA,NA,NA,NA,NA,NA,NA,NA,NA,NA,NA,NA,0.339887291193008,1,NA,NA,NA,NA,0.0869565217391304,0.4
2020-05-25,20.5416666666667,63.25,NA,NA,NA,NA,NA,NA,NA,NA,NA,NA,NA,NA,NA,NA,NA,NA,NA,NA,NA,NA,NA,NA,NA,NA,NA,NA,NA,NA,NA,NA,NA,NA,NA,NA,NA,NA,NA,NA,NA,NA,NA,NA,NA,NA,NA,NA,0,NA
2020-05-30,19.7125,62.4791666666667,NA,NA,0.461218282580376,0,NA,NA,0.338791906833649,0,NA,NA,NA,NA,NA,NA,NA,NA,NA,NA,NA,NA,NA,NA,0.489513090252876,1,NA,NA,0.618659133712451,1,NA,NA,NA,NA,NA,NA,NA,NA,NA,NA,NA,NA,0.320113778114319,1,NA,NA,NA,NA,0.130434782608696,0.6
2020-06-04,23.6125,59.6416666666667,NA,NA,0.38888618350029,0,NA,NA,0.265465401113033,0,NA,NA,NA,NA,NA,NA,NA,NA,NA,NA,NA,NA,NA,NA,0.364042484760284,0,NA,NA,0.568284779787064,0,NA,NA,NA,NA,NA,NA,NA,NA,NA,NA,NA,NA,0.169817015528679,0,NA,NA,NA,NA,0,0
2020-06-09,19.8125,81.4916666666667,NA,NA,NA,NA,NA,NA,0.104501113295555,1,NA,NA,NA,NA,NA,NA,NA,NA,NA,NA,NA,NA,NA,NA,NA,NA,NA,NA,NA,NA,NA,NA,NA,NA,NA,NA,NA,NA,NA,NA,NA,NA,0.280356504023075,0,NA,NA,NA,NA,0.0434782608695652,0.5
2020-06-14,21.8,49.675,NA,NA,0.456293344497681,0,NA,NA,0.295136064291,0,NA,NA,NA,NA,NA,NA,NA,NA,NA,NA,NA,NA,NA,NA,0.417846582829952,0,NA,NA,0.55235667526722,0,NA,NA,NA,NA,NA,NA,NA,NA,NA,NA,NA,NA,0.227389756590128,0,NA,NA,NA,NA,0,0
2020-06-19,23.35,75.9458333333333,NA,NA,0.436583139002323,0,NA,NA,0.342251107096672,0,NA,NA,NA,NA,NA,NA,NA,NA,NA,NA,NA,NA,NA,NA,0.424403578042984,0,NA,NA,0.535846744974454,0,NA,NA,NA,NA,NA,NA,NA,NA,NA,NA,NA,NA,NA,NA,NA,NA,NA,NA,0,0
2020-06-24,24.1875,63.475,NA,NA,NA,NA,NA,NA,NA,NA,NA,NA,NA,NA,NA,NA,NA,NA,NA,NA,NA,NA,NA,NA,NA,NA,NA,NA,NA,NA,NA,NA,NA,NA,NA,NA,NA,NA,NA,NA,NA,NA,NA,NA,NA,NA,NA,NA,0,NA
2020-06-29,24.8708333333333,72.625,NA,NA,0.460856333374977,0,NA,NA,0.331398583948612,0,NA,NA,NA,NA,NA,NA,NA,NA,NA,NA,NA,NA,NA,NA,0.386226758360863,0,NA,NA,0.57368116080761,0,NA,NA,NA,NA,NA,NA,NA,NA,NA,NA,NA,NA,0.288933701813221,0,NA,NA,NA,NA,0,0
2020-07-04,25.1083333333333,80.8416666666667,NA,NA,NA,NA,NA,NA,0.352893680334091,0,NA,NA,NA,NA,NA,NA,NA,NA,NA,NA,NA,NA,NA,NA,0.37421902269125,0,NA,NA,0.519782369335493,0,NA,NA,NA,NA,NA,NA,NA,NA,NA,NA,NA,NA,0.126711167395115,0,NA,NA,NA,NA,0,0
2020-07-09,26.2375,63.5958333333333,NA,NA,0.404252678155899,0,NA,NA,0.323974832892418,0,NA,NA,NA,NA,NA,NA,NA,NA,NA,NA,NA,NA,NA,NA,0.369458931684494,0,NA,NA,0.434476400415103,0,NA,NA,NA,NA,NA,NA,NA,NA,NA,NA,NA,NA,0.259271875023842,0,NA,NA,NA,NA,0,0
2020-07-14,24.275,86.4583333333333,NA,NA,NA,NA,NA,NA,NA,NA,NA,NA,NA,NA,NA,NA,NA,NA,NA,NA,NA,NA,NA,NA,NA,NA,NA,NA,NA,NA,NA,NA,NA,NA,NA,NA,NA,NA,NA,NA,NA,NA,NA,NA,NA,NA,NA,NA,0,NA
2020-07-19,25.7041666666667,70.6625,NA,NA,0.489153861999512,1,NA,NA,0.365792080760002,0,NA,NA,NA,NA,NA,NA,NA,NA,NA,NA,NA,NA,NA,NA,0.376282328367233,0,NA,NA,0.552496199806531,0,NA,NA,NA,NA,NA,NA,NA,NA,NA,NA,NA,NA,0.271028816699982,0,NA,NA,NA,NA,0.0434782608695652,0.2
2020-07-24,26.2166666666667,63.5458333333333,NA,NA,0.455829456448555,0,NA,NA,0.284416235983372,0,NA,NA,NA,NA,NA,NA,NA,NA,NA,NA,NA,NA,NA,NA,0.314901296794415,0,NA,NA,0.510474989811579,0,NA,NA,NA,NA,NA,NA,NA,NA,NA,NA,NA,NA,0.193110678344965,0,NA,NA,NA,NA,0,0
2020-08-08,26.3458333333333,49.9916666666667,NA,NA,0.483367912471294,1,NA,NA,0.392997652292252,0,NA,NA,NA,NA,NA,NA,NA,NA,NA,NA,NA,NA,NA,NA,0.352692100405693,0,NA,NA,0.518770883480708,0,NA,NA,NA,NA,NA,NA,NA,NA,NA,NA,NA,NA,0.268569618463516,0,NA,NA,NA,NA,0.0434782608695652,0.2
2020-08-13,26.7958333333333,57.675,NA,NA,0.491948939859867,1,NA,NA,0.257620021700859,0,NA,NA,NA,NA,NA,NA,NA,NA,NA,NA,NA,NA,NA,NA,0.287028039246798,0,NA,NA,0.589839840928713,0,NA,NA,NA,NA,NA,NA,NA,NA,NA,NA,NA,NA,0.150648470968008,0,NA,NA,NA,NA,0.0434782608695652,0.2
2020-08-18,26.4,41.55,NA,NA,0.5553859770298,1,NA,NA,0.389527693390846,0,NA,NA,NA,NA,NA,NA,NA,NA,NA,NA,NA,NA,NA,NA,0.385466489195824,0,NA,NA,0.596275741855303,0,NA,NA,NA,NA,NA,NA,NA,NA,NA,NA,NA,NA,0.267308250069618,0,NA,NA,NA,NA,0.0434782608695652,0.2
2020-08-23,27.3833333333333,74.7083333333333,NA,NA,NA,NA,NA,NA,NA,NA,NA,NA,NA,NA,NA,NA,NA,NA,NA,NA,NA,NA,NA,NA,NA,NA,NA,NA,NA,NA,NA,NA,NA,NA,NA,NA,NA,NA,NA,NA,NA,NA,NA,NA,NA,NA,NA,NA,0,NA
2020-08-28,25.9541666666667,62.8125,NA,NA,0.481049284338951,1,NA,NA,0.364632740616798,0,NA,NA,NA,NA,NA,NA,NA,NA,NA,NA,NA,NA,NA,NA,0.380711045861244,0,NA,NA,0.512634138266246,0,NA,NA,NA,NA,NA,NA,NA,NA,NA,NA,NA,NA,0.227868400514126,0,NA,NA,NA,NA,0.0434782608695652,0.2
2020-09-02,23.3291666666667,65.875,NA,NA,0.619836963713169,1,NA,NA,0.0623253956437111,1,NA,NA,NA,NA,NA,NA,NA,NA,NA,NA,NA,NA,NA,NA,0.296730186790228,0,NA,NA,0.536772156755129,0,NA,NA,NA,NA,NA,NA,NA,NA,NA,NA,NA,NA,NA,NA,NA,NA,NA,NA,0.0869565217391304,0.5
2020-09-07,22.9208333333333,74.6333333333333,NA,NA,NA,NA,NA,NA,0.146585423499346,1,NA,NA,NA,NA,NA,NA,NA,NA,NA,NA,NA,NA,NA,NA,0.333115947246552,0,NA,NA,0.399954522649447,0,NA,NA,NA,NA,NA,NA,NA,NA,NA,NA,NA,NA,NA,NA,NA,NA,NA,NA,0.0434782608695652,0.333333333333333
2020-09-12,23.5875,59.3125,NA,NA,0.45857160538435,0,NA,NA,0.262756206095219,0,NA,NA,NA,NA,NA,NA,NA,NA,NA,NA,NA,NA,NA,NA,0.317398219555616,0,NA,NA,0.575461919109027,0,NA,NA,NA,NA,NA,NA,NA,NA,NA,NA,NA,NA,0.161504492163658,0,NA,NA,NA,NA,0,0
2020-09-17,24.55,80.0583333333333,NA,NA,NA,NA,NA,NA,NA,NA,NA,NA,NA,NA,NA,NA,NA,NA,NA,NA,NA,NA,NA,NA,-0.0416375529021025,1,NA,NA,NA,NA,NA,NA,NA,NA,NA,NA,NA,NA,NA,NA,NA,NA,NA,NA,NA,NA,NA,NA,0.0434782608695652,1
2020-09-22,22.6791666666667,66.3791666666667,NA,NA,0.456809684634209,0,NA,NA,0.309835746884346,0,NA,NA,NA,NA,NA,NA,NA,NA,NA,NA,NA,NA,NA,NA,0.308419550955296,0,NA,NA,0.482494855920474,0,NA,NA,NA,NA,NA,NA,NA,NA,NA,NA,NA,NA,0.204791843891144,0,NA,NA,NA,NA,0,0
2020-09-27,20.9625,51.3708333333333,NA,NA,0.543206200003624,1,NA,NA,0.480915114283562,1,NA,NA,NA,NA,NA,NA,NA,NA,NA,NA,NA,NA,NA,NA,0.422845351696014,0,NA,NA,0.598189736406008,0,NA,NA,NA,NA,NA,NA,NA,NA,NA,NA,NA,NA,0.313317395746708,1,NA,NA,NA,NA,0.130434782608696,0.6
2020-10-02,21.1041666666667,45.9458333333333,NA,NA,NA,NA,NA,NA,NA,NA,NA,NA,NA,NA,NA,NA,NA,NA,NA,NA,NA,NA,NA,NA,NA,NA,NA,NA,NA,NA,NA,NA,NA,NA,NA,NA,NA,NA,NA,NA,NA,NA,NA,NA,NA,NA,NA,NA,0,NA
2020-10-07,21.8083333333333,49.0291666666667,NA,NA,0.51068664342165,1,NA,NA,0.358654230833054,0,NA,NA,NA,NA,NA,NA,NA,NA,NA,NA,NA,NA,NA,NA,0.418354791402817,0,NA,NA,0.558470999201139,0,NA,NA,NA,NA,NA,NA,NA,NA,NA,NA,NA,NA,0.265488311648369,0,NA,NA,NA,NA,0.0434782608695652,0.2
2020-10-12,16.475,50.2041666666667,NA,NA,0.549039393663406,1,NA,NA,0.35816203802824,0,NA,NA,NA,NA,NA,NA,NA,NA,NA,NA,NA,NA,NA,NA,0.363832758367062,0,NA,NA,0.605057766040166,0,NA,NA,NA,NA,NA,NA,NA,NA,NA,NA,NA,NA,0.229592952877283,0,NA,NA,NA,NA,0.0434782608695652,0.2
2020-10-17,15.35,66.1166666666667,NA,NA,0.44314930588007,0,NA,NA,0.395549662411213,0,NA,NA,NA,NA,NA,NA,NA,NA,NA,NA,NA,NA,NA,NA,0.445898360013962,0,NA,NA,0.545081364611785,0,NA,NA,NA,NA,NA,NA,NA,NA,NA,NA,NA,NA,0.270603664219379,0,NA,NA,NA,NA,0,0
2020-10-27,14.2,55.6166666666667,NA,NA,0.353677287697792,0,NA,NA,0.348134592175484,0,NA,NA,NA,NA,NA,NA,NA,NA,NA,NA,NA,NA,NA,NA,0.352668471634388,0,NA,NA,0.571753561496735,0,NA,NA,NA,NA,NA,NA,NA,NA,NA,NA,NA,NA,0.154774829745293,0,NA,NA,NA,NA,0,0
2020-11-01,16.475,78.0791666666667,NA,NA,0.369422383606434,0,NA,NA,0.170388981699944,1,NA,NA,NA,NA,NA,NA,NA,NA,NA,NA,NA,NA,NA,NA,0.288504507392645,0,NA,NA,0.491672923167547,0,NA,NA,NA,NA,NA,NA,NA,NA,NA,NA,NA,NA,0.0843518003821373,1,NA,NA,NA,NA,0.0869565217391304,0.4
2020-11-06,19.4791666666667,81.5458333333333,NA,NA,NA,NA,NA,NA,NA,NA,NA,NA,NA,NA,NA,NA,NA,NA,NA,NA,NA,NA,NA,NA,0.178334705531597,1,NA,NA,0.207679768403371,1,NA,NA,NA,NA,NA,NA,NA,NA,NA,NA,NA,NA,NA,NA,NA,NA,NA,NA,0.0869565217391304,1
2020-11-11,14.5416666666667,89.15,NA,NA,0.327029678970575,0,NA,NA,0.22551716864109,0,NA,NA,NA,NA,NA,NA,NA,NA,NA,NA,NA,NA,NA,NA,0.283152061328292,0,NA,NA,0.399145757158597,0,NA,NA,NA,NA,NA,NA,NA,NA,NA,NA,NA,NA,NA,NA,NA,NA,NA,NA,0,0
2020-11-16,19.175,76.2125,NA,NA,NA,NA,NA,NA,0.214181289076805,1,NA,NA,NA,NA,NA,NA,NA,NA,NA,NA,NA,NA,NA,NA,0.420462611317635,0,NA,NA,0.518081501126289,0,NA,NA,NA,NA,NA,NA,NA,NA,NA,NA,NA,NA,0.257331192493439,0,NA,NA,NA,NA,0.0434782608695652,0.25
2020-11-21,13.7625,74.3708333333333,NA,NA,0.344770750030875,0,NA,NA,0.325155645608902,0,NA,NA,NA,NA,NA,NA,NA,NA,NA,NA,NA,NA,NA,NA,0.366654363274574,0,NA,NA,0.434289743502935,0,NA,NA,NA,NA,NA,NA,NA,NA,NA,NA,NA,NA,0.176323484629393,0,NA,NA,NA,NA,0,0
2020-11-26,15.8583333333333,82.3375,NA,NA,NA,NA,NA,NA,NA,NA,NA,NA,NA,NA,NA,NA,NA,NA,NA,NA,NA,NA,NA,NA,NA,NA,NA,NA,NA,NA,NA,NA,NA,NA,NA,NA,NA,NA,NA,NA,NA,NA,NA,NA,NA,NA,NA,NA,0,NA
2020-12-01,14.1333333333333,87.4666666666667,NA,NA,0.33199436031282,0,NA,NA,0.318393662571907,0,NA,NA,NA,NA,NA,NA,NA,NA,NA,NA,NA,NA,NA,NA,0.38829807639122,0,NA,NA,0.61156091094017,1,NA,NA,NA,NA,NA,NA,NA,NA,NA,NA,NA,NA,0.22255315631628,0,NA,NA,NA,NA,0.0434782608695652,0.2
2020-12-06,9.76666666666667,48.5958333333333,NA,NA,0.409384928643703,0,NA,NA,0.41740383207798,1,NA,NA,NA,NA,NA,NA,NA,NA,NA,NA,NA,NA,NA,NA,0.491212695837021,1,NA,NA,0.670058012008667,1,NA,NA,NA,NA,NA,NA,NA,NA,NA,NA,NA,NA,0.315682746469975,1,NA,NA,NA,NA,0.173913043478261,0.8
2020-12-11,18.6833333333333,61.8125,NA,NA,NA,NA,NA,NA,NA,NA,NA,NA,NA,NA,NA,NA,NA,NA,NA,NA,NA,NA,NA,NA,NA,NA,NA,NA,NA,NA,NA,NA,NA,NA,NA,NA,NA,NA,NA,NA,NA,NA,NA,NA,NA,NA,NA,NA,0,NA
2020-12-16,9.87916666666667,89.6583333333333,NA,NA,0.367636345326901,0,NA,NA,0.438004538416863,1,NA,NA,NA,NA,NA,NA,NA,NA,NA,NA,NA,NA,NA,NA,0.453048080205917,0,NA,NA,0.534154176712036,0,NA,NA,NA,NA,NA,NA,NA,NA,NA,NA,NA,NA,0.309021860361099,1,NA,NA,NA,NA,0.0869565217391304,0.4
2020-12-21,11.7166666666667,75.1583333333333,NA,NA,0.313014104962349,0,NA,NA,0.377413727343082,0,NA,NA,NA,NA,NA,NA,NA,NA,NA,NA,NA,NA,NA,NA,0.391421268880367,0,NA,NA,0.569637839992841,0,NA,NA,NA,NA,NA,NA,NA,NA,NA,NA,NA,NA,0.215705540031195,0,NA,NA,NA,NA,0,0
2020-12-26,6.96666666666667,40.4916666666667,NA,NA,0.385599531233311,0,NA,NA,0.453732170164585,1,NA,NA,NA,NA,NA,NA,NA,NA,NA,NA,NA,NA,NA,NA,0.470593100786209,1,NA,NA,0.560672380030155,0,NA,NA,NA,NA,NA,NA,NA,NA,NA,NA,NA,NA,0.295377038419247,1,NA,NA,NA,NA,0.130434782608696,0.6
2020-12-31,7.05833333333333,57.45,NA,NA,0.310822360217571,0,NA,NA,0.405730202794075,0,NA,NA,NA,NA,NA,NA,NA,NA,NA,NA,NA,NA,NA,NA,0.405538262426853,0,NA,NA,0.650048673152924,1,NA,NA,NA,NA,NA,NA,NA,NA,NA,NA,NA,NA,0.255751922726631,0,NA,NA,NA,NA,0.0434782608695652,0.2
2021-01-05,7.1875,48.0041666666667,NA,NA,0.377299517393112,0,NA,NA,0.42416425049305,1,NA,NA,NA,NA,NA,NA,NA,NA,NA,NA,NA,NA,NA,NA,0.489401006698608,1,NA,NA,0.584732274214427,0,NA,NA,NA,NA,NA,NA,NA,NA,NA,NA,NA,NA,0.347628876566887,1,NA,NA,NA,NA,0.130434782608696,0.6
2021-01-10,6.85416666666667,93.6666666666667,NA,NA,NA,NA,NA,NA,NA,NA,NA,NA,NA,NA,NA,NA,NA,NA,NA,NA,NA,NA,NA,NA,NA,NA,NA,NA,NA,NA,NA,NA,NA,NA,NA,NA,NA,NA,NA,NA,NA,NA,NA,NA,NA,NA,NA,NA,0,NA
2021-01-15,12.2208333333333,43.5541666666667,NA,NA,0.340123232454062,0,NA,NA,0.412705719470978,1,NA,NA,NA,NA,NA,NA,NA,NA,NA,NA,NA,NA,NA,NA,0.440247836709023,0,NA,NA,0.644296432534854,1,NA,NA,NA,NA,NA,NA,NA,NA,NA,NA,NA,NA,0.304693691432476,1,NA,NA,NA,NA,0.130434782608696,0.6
2021-01-20,8.375,98.1791666666667,NA,NA,NA,NA,NA,NA,NA,NA,NA,NA,NA,NA,NA,NA,NA,NA,NA,NA,NA,NA,NA,NA,NA,NA,NA,NA,NA,NA,NA,NA,NA,NA,NA,NA,NA,NA,NA,NA,NA,NA,NA,NA,NA,NA,NA,NA,0,NA
2021-01-25,15.4458333333333,59.6916666666667,NA,NA,NA,NA,NA,NA,NA,NA,NA,NA,NA,NA,NA,NA,NA,NA,NA,NA,NA,NA,NA,NA,NA,NA,NA,NA,NA,NA,NA,NA,NA,NA,NA,NA,NA,NA,NA,NA,NA,NA,NA,NA,NA,NA,NA,NA,0,NA
2021-01-30,16.0458333333333,49.375,NA,NA,NA,NA,NA,NA,NA,NA,NA,NA,NA,NA,NA,NA,NA,NA,NA,NA,NA,NA,NA,NA,NA,NA,NA,NA,NA,NA,NA,NA,NA,NA,NA,NA,NA,NA,NA,NA,NA,NA,NA,NA,NA,NA,NA,NA,0,NA
2021-02-04,11.5708333333333,90.8541666666667,NA,NA,0.32564003020525,0,NA,NA,0.357068106532097,0,NA,NA,NA,NA,NA,NA,NA,NA,NA,NA,NA,NA,NA,NA,0.384842196106911,0,NA,NA,0.472880154848099,0,NA,NA,NA,NA,NA,NA,NA,NA,NA,NA,NA,NA,0.233818717300892,0,NA,NA,NA,NA,0,0
2021-02-09,13.0291666666667,65.3333333333333,NA,NA,NA,NA,NA,NA,NA,NA,NA,NA,NA,NA,NA,NA,NA,NA,NA,NA,NA,NA,NA,NA,NA,NA,NA,NA,NA,NA,NA,NA,NA,NA,NA,NA,NA,NA,NA,NA,NA,NA,NA,NA,NA,NA,NA,NA,0,NA
2021-02-14,12.425,77.775,NA,NA,0.288528207689524,0,NA,NA,NA,NA,NA,NA,NA,NA,NA,NA,NA,NA,NA,NA,NA,NA,NA,NA,0.425778666138649,0,NA,NA,0.537514388561249,0,NA,NA,NA,NA,NA,NA,NA,NA,NA,NA,NA,NA,NA,NA,NA,NA,NA,NA,0,0
2021-02-19,11.3666666666667,90.6416666666667,NA,NA,0.255072509869933,0,NA,NA,0.270146995782852,0,NA,NA,NA,NA,NA,NA,NA,NA,NA,NA,NA,NA,NA,NA,0.278249029070139,0,NA,NA,0.383448074261348,0,NA,NA,NA,NA,NA,NA,NA,NA,NA,NA,NA,NA,NA,NA,NA,NA,NA,NA,0,0
2021-02-24,13.2958333333333,82.675,NA,NA,NA,NA,NA,NA,NA,NA,NA,NA,NA,NA,NA,NA,NA,NA,NA,NA,NA,NA,NA,NA,NA,NA,NA,NA,NA,NA,NA,NA,NA,NA,NA,NA,NA,NA,NA,NA,NA,NA,NA,NA,NA,NA,NA,NA,0,NA
2021-03-01,13.3958333333333,83.525,NA,NA,NA,NA,NA,NA,NA,NA,NA,NA,NA,NA,NA,NA,NA,NA,NA,NA,NA,NA,NA,NA,NA,NA,NA,NA,NA,NA,NA,NA,NA,NA,NA,NA,NA,NA,NA,NA,NA,NA,NA,NA,NA,NA,NA,NA,0,NA
2021-03-06,12.6041666666667,94.2791666666667,NA,NA,NA,NA,NA,NA,NA,NA,NA,NA,NA,NA,NA,NA,NA,NA,NA,NA,NA,NA,NA,NA,NA,NA,NA,NA,NA,NA,NA,NA,NA,NA,NA,NA,NA,NA,NA,NA,NA,NA,NA,NA,NA,NA,NA,NA,0,NA
2021-03-11,12.875,85.6541666666667,NA,NA,0.260552974417806,0,NA,NA,0.258460246026516,0,NA,NA,NA,NA,NA,NA,NA,NA,NA,NA,NA,NA,NA,NA,0.400241659581661,0,NA,NA,0.544912720719973,0,NA,NA,NA,NA,NA,NA,NA,NA,NA,NA,NA,NA,0.115449205040932,0,NA,NA,NA,NA,0,0
2021-03-16,11.6291666666667,83.65,NA,NA,0.236437503248453,1,NA,NA,0.247807420790195,0,NA,NA,NA,NA,NA,NA,NA,NA,NA,NA,NA,NA,NA,NA,0.414573961496353,0,NA,NA,0.489905518790086,0,NA,NA,NA,NA,NA,NA,NA,NA,NA,NA,NA,NA,0.210048798471689,0,NA,NA,NA,NA,0.0434782608695652,0.2
2021-03-21,9.7875,64.9125,NA,NA,0.264747597277164,0,NA,NA,0.275370880961418,0,NA,NA,NA,NA,NA,NA,NA,NA,NA,NA,NA,NA,NA,NA,0.40546827018261,0,NA,NA,0.5354190270106,0,NA,NA,NA,NA,NA,NA,NA,NA,NA,NA,NA,NA,0.16140228882432,0,NA,NA,NA,NA,0,0
2021-03-26,13.7625,78.45,NA,NA,NA,NA,NA,NA,0.227480918169022,0,NA,NA,NA,NA,NA,NA,NA,NA,NA,NA,NA,NA,NA,NA,0.432700788974762,0,NA,NA,0.464027221004168,0,NA,NA,NA,NA,NA,NA,NA,NA,NA,NA,NA,NA,NA,NA,NA,NA,NA,NA,0,0
2021-03-31,14.0708333333333,71.3208333333333,NA,NA,0.235124245285988,1,NA,NA,0.237387515604496,0,NA,NA,NA,NA,NA,NA,NA,NA,NA,NA,NA,NA,NA,NA,0.34352448284626,0,NA,NA,0.351778780420621,0,NA,NA,NA,NA,NA,NA,NA,NA,NA,NA,NA,NA,0.245461978018284,0,NA,NA,NA,NA,0.0434782608695652,0.2
